{
    "accuracy": 0.515625,
    "balanced_accuracy": 0.4300865800865801,
    "precision_macro": 0.6695695695695695,
    "recall_macro": 0.4300865800865801,
    "f1_macro": 0.3854219231847491,
    "confusion_matrix": [
        [
            18,
            0,
            27
        ],
        [
            11,
            1,
            16
        ],
        [
            8,
            0,
            47
        ]
    ],
    "classification_report": "              precision    recall  f1-score   support\n\n          -1       0.49      0.40      0.44        45\n           0       1.00      0.04      0.07        28\n           1       0.52      0.85      0.65        55\n\n    accuracy                           0.52       128\n   macro avg       0.67      0.43      0.39       128\nweighted avg       0.61      0.52      0.45       128\n"
}